"id","name_en","name_ja","production_tier","region","route_scope","silhouette_key","primary_prop","companion_or_fx_layer","idle_signature","talk_signature","profile_affinity","costume_event_variants","portrait_emphasis","model_s","model_m","model_l","portrait_count"
"alice_margatroid","Alice Margatroid","アリス・マーガトロイド","B","Forest of Magic / magician","Support route with romance-ready expansion","hair ribbon, fitted dress, puppet strings and doll shapes","grimoire / control cross","Shanghai and Hourai doll anchors","fingers tighten one thread while a doll lags one frame","a doll mirrors or contradicts her restrained hand gesture","A/B/C","work apron; rain cloak; formal dollmaker","precision, guarded pride, private softness","2 idle + 4 walk","4 idle + 4 walk + 4 talk + 2 reaction","4–8 dramatic poses","6"
"aunn_komano","Aunn Komano","高麗野 あうん","C","Hakurei Shrine / places of faith across Gensokyo","Support route; shrine guardian and tutorial cameo","komainu ears, curled tail, round chest gem, compact guardian stance","guardian orb / shrine charm","tail and ear child layers","ears scan first, tail follows, feet stay planted","both hands open as if welcoming, then return to guard","A/C","shrine work sash; rain guard; festival guardian","earnest vigilance and uncomplicated delight","2 idle","2 idle + 4 walk + 2 talk/gesture","not required at launch","3"
"aya_shameimaru","Aya Shameimaru","射命丸 文","A","Youkai Mountain / Bunbunmaru Newspaper","Deep route; launch fighter and danmaku lead","tokin cap, wing wedge, camera and notebook, geta stance","camera / feather fan","wings, strap and newspaper layers","camera strap shifts while her eyes keep tracking","camera rises, shutter cuts one frame, then she lowers it only if sincere","A/B/D","press armband; mountain patrol coat; rain cape","professional smile, predatory curiosity, camera-lowered sincerity","2 idle + 4 walk + 2 interact","4 idle + 8 walk + 4 talk + 6 interact + 4 reaction","full fighter/danmaku key set","9"
"byakuren_hijiri","Byakuren Hijiri","聖 白蓮","B","Myouren Temple","Major support; fighter expansion","long two-tone-implied hair, layered monk robes, broad calm sleeves","scroll / lotus light","beads and lotus glyph layer","beads settle after the sleeve, never bouncy","open palm and level gaze; power is shown by stillness","B/C/D","temple work robe; travel mantle; formal sermon robe","compassion, resolve, restrained physical power","2 idle + 4 walk","4 idle + 4 walk + 4 talk + 2 reaction","8–16 boss/fighter key poses","6"
"chen","Chen","橙","C","Yakumo household / Youkai Mountain and Mayohiga","Support route","cat ears, two tails, short dress and quick low stance","claw swipe / charm","two independent tail layers","one tail notices first, the second catches up","leans forward, hands close to chest, tails reveal the real mood","A/D","Mayohiga errands; rain hood; festival ribbon","curiosity, loyalty, sudden embarrassment","2 idle","2 idle + 4 walk + 2 talk/gesture","not required at launch","3"
"cirno","Cirno","チルノ","C","Misty Lake / fairies","Support friendship only","short hair bow, six ice-crystal wing points, wide boastful stance","ice shard","crystal wing layer","wing points jitter in an uneven 2-1 rhythm","hands on hips, then one emphatic point that overshoots","A/D","summer melt gag; winter crown; lake patrol","boast, confusion, stubborn courage","2 idle","2 idle + 4 walk + 2 talk/gesture","not required at launch","3"
"clownpiece","Clownpiece","クラウンピース","C","Hell / Hecatia's subordinate","Support friendship only","jester cap, star-and-stripe geometry, torch and energetic legs","torch","flame and flag-pattern layer","flame changes while the body holds a coiled bounce","torch arcs wide; eyes and cap bells carry the chaos","B/D","Hell patrol; festival torch; moon-surface dust","mischief, bewilderment, dangerous excitement","2 idle","2 idle + 4 walk + 2 talk/gesture","not required at launch","3"
"doremy_sweet","Doremy Sweet","ドレミー・スイート","B","Dream World","Major support","nightcap, soft robe, dream-tail curl and floating orb silhouette","dream orb / pillow","dream bubbles and tail layer","body barely moves while bubbles drift out of phase","reshapes one orb into the subject of the sentence","C/D","sleep-clinic wrap; dream librarian; nightmare inversion","gentle distance, clinical dream-reading, sly amusement","2 idle + 4 walk","4 idle + 4 walk + 4 talk + 2 reaction","4–8 dramatic poses","6"
"eiki_shiki_yamaxanadu","Eiki Shiki, Yamaxanadu","四季映姫・ヤマザナドゥ","B","Higan / Ministry of Right and Wrong","Major support","judge cap, formal robe column and unmistakable rod","Rod of Remorse","verdict tablet layer","nearly motionless; rod angle changes one pixel","rod indicates the issue, not the person, until the final beat","B/C","court formal; field inspection cloak","measured concern, severity, reluctant warmth","2 idle + 4 walk","4 idle + 4 walk + 4 talk + 2 reaction","4–8 dramatic poses","6"
"eirin_yagokoro","Eirin Yagokoro","八意 永琳","A","Eientei / former Lunar sage","Deep route","very long braid, large asymmetric bow, vertical physician posture","vial / bow / medicine case","braid and medicine-case layer","checks one vial label; braid settles late","small hand motion, exact eye line, no wasted flourish","B/D","clinic coat; lunar formal; forest travel mantle","diagnostic calm, dry wit, guarded responsibility","2 idle + 4 walk + 2 interact","4 idle + 8 walk + 4 talk + 6 interact + 4 reaction","full fighter/danmaku key set","9"
"flandre_scarlet","Flandre Scarlet","フランドール・スカーレット","C","Scarlet Devil Mansion","Support route; high-safety writing review","cap, small body and two crystal-laden wing rods","wand / crystal prism","eight crystal children with fixed spacing","crystals rotate one step while her body remains intent","crouches closer or tilts one prism; avoid generic manic bouncing","B/C/D","mansion daywear; supervised garden cape; dream silhouette","intense curiosity, isolation, careful trust","2 idle","2 idle + 4 walk + 2 talk/gesture","not required at launch","3"
"fujiwara_no_mokou","Fujiwara no Mokou","藤原 妹紅","C","Bamboo Forest / immortal wanderer","Support route","long rough hair, trouser silhouette, paper charms and flame tails","fire / paper charm","flame and charm layer","ember rises from a still shoulder line","one hand stays in a pocket until the line matters","A/D","forest guide coat; rain poncho; scorched battle set","blunt help, old exhaustion, competitive spark","2 idle","2 idle + 4 walk + 2 talk/gesture","not required at launch","3"
"hata_no_kokoro","Hata no Kokoro","秦 こころ","B","Menreiki / performance traditions","Support route; fighter expansion","bob hair, broad sleeves and a halo/fan of distinct masks","selected mask / fan","mask wheel companion layer","one mask changes while her face remains neutral","the chosen mask moves to the foreground and supplies the gesture","B/C/D","stage costume; rehearsal plainwear; festival mask set","literal focus, learned emotion, uncanny comedy","2 idle + 4 walk","4 idle + 4 walk + 4 talk + 2 reaction","8–16 boss/fighter key poses","6"
"hatate_himekaidou","Hatate Himekaidou","姫海棠 はたて","C","Youkai Mountain / Kakashi Spirit News","Support route","tengu cap, twin hair masses, compact wings and phone-camera rectangle","spirit camera / phone","wings and developed-photo layer","thumb scrolls; wings react after she finds something","shows a photo rather than performing a grand reporter pose","A/B","newsroom vest; rain cover; mountain casual","skepticism, competitive interest, reluctant admiration","2 idle","2 idle + 4 walk + 2 talk/gesture","not required at launch","3"
"hecatia_lapislazuli","Hecatia Lapislazuli","ヘカーティア・ラピスラズリ","B","Hell / Earth, Moon, and Otherworld","Major support / late-game challenge","collar and chain, casual dress, three unmistakable planet spheres","planet sphere","three orbiting world layers","worlds rotate at different periods while she slouches casually","one world replaces another at the point of emphasis","C/D","Earth casual; Moon formal; Otherworld inversion","casual cosmic authority, humor, sudden seriousness","2 idle + 4 walk","4 idle + 4 walk + 4 talk + 2 reaction","4–8 dramatic poses","6"
"hieda_no_akyuu","Hieda no Akyuu","稗田 阿求","B","Human Village / Gensokyo Chronicle","Major support","short formal hair, flower ornament, kimono block and book/brush","chronicle / brush","page and ink-stamp layer","brush pauses above a page; breath is minimal","turns the book toward the listener, then withholds one line","A/B/C","archive work; village formal; winter writing layer","observant courtesy, mortality-aware resolve, quiet mischief","2 idle + 4 walk","4 idle + 4 walk + 4 talk + 2 reaction","4–8 dramatic poses","6"
"hina_kagiyama","Hina Kagiyama","鍵山 雛","C","Youkai Mountain forest / misfortune god","Support route","many ribbons, spiral skirt and circular misfortune silhouette","misfortune amulet","ribbon spiral layer","slow quarter-turn; ribbons lag in alternating directions","stops the spin for one direct sentence","A/D","forest work; festival purification; storm set","gentleness, ritual caution, lonely humor","2 idle","2 idle + 4 walk + 2 talk/gesture","not required at launch","3"
"hong_meiling","Hong Meiling","紅 美鈴","C","Scarlet Devil Mansion","Support route","star cap, braid, qipao mass and grounded martial stance","fists / gate staff","braid and leaf layer","weight shifts through the feet, braid follows","salute, open palm or compact martial explanation","A/B/D","gate uniform; garden work; formal guard coat","warm competence, sleepy humor without incompetence","2 idle","2 idle + 4 walk + 2 talk/gesture","not required at launch","3"
"ichirin_kumoi","Ichirin Kumoi","雲居 一輪","C","Myouren Temple","Support route","hooded short figure paired with an enormous cloud-fist silhouette","prayer ring","Unzan full companion layer","her sleeve moves first; Unzan answers a beat later","small gesture from Ichirin, huge restrained echo from Unzan","A/D","temple chores; sailor travel; storm battle","practical faith, partnership, competitive confidence","2 idle","2 idle + 4 walk + 2 talk/gesture","not required at launch","3"
"iku_nagae","Iku Nagae","永江 衣玖","C","Heaven / Dragon Palace messenger","Support route","long sleeves, veil-like hat and flowing messenger silhouette","fan / lightning ribbon","electric scarf and cloud layer","sleeves drift on a slow wave independent of feet","fan opens once; weather line answers the cadence","C/D","messenger formal; storm gear; Heaven reception","polite distance, warning, subtle amusement","2 idle","2 idle + 4 walk + 2 talk/gesture","not required at launch","3"
"joon_yorigami","Joon Yorigami","依神 女苑","C","Pestilence / financial ruin goddess","Support antagonist","fur collar, fashionable bow, handbag/fan and hip-forward stance","purse / fan / coins","coin sparkle and accessory layer","coin flips with practiced indifference","hand on hip, fan snap, then a glance at the cost","B/C","luxury set; stripped-down penance set; festival fashion","swagger, appraisal, flashes of insecurity","2 idle","2 idle + 4 walk + 2 talk/gesture","4 boss silhouettes","3"
"junko","Junko","純狐","B","Lunar conflict / purified divine spirit","Late-game support/antagonist","vast hair mass, crown/halo geometry, long purified robe and orbs","purification orb","aura and orb layer","everything holds except one perfectly regular orb","one hand rises; surrounding clutter disappears rather than explodes","C/D","lunar conflict robe; quiet post-conflict mantle","purity, grief held at distance, frightening clarity","2 idle + 4 walk","4 idle + 4 walk + 4 talk + 2 reaction","8–16 boss/fighter key poses","6"
"kaguya_houraisan","Kaguya Houraisan","蓬莱山 輝夜","A","Eientei / former Lunar princess","Deep route","floor-length hair column, layered sleeves and absolute stillness","fan / impossible treasure","treasure and hair-end layer","only the clock/fan moves; body remains composed","fan opens by one step or a sleeve reveals a treasure cue","B/C/D","indoor loungewear; twelve-layer formal; moonlit game set","playful intellect, boredom, ageless vulnerability","2 idle + 4 walk + 2 interact","4 idle + 8 walk + 4 talk + 6 interact + 4 reaction","full fighter/danmaku key set","9"
"kanako_yasaka","Kanako Yasaka","八坂 神奈子","B","Moriya Shrine","Major support","huge shimenawa ring, broad sleeves and onbashira verticals","onbashira / sacred rope","rope ring and pillar layer","rope tassels settle while she holds a public pose","one pillar mark or broad sleeve gesture frames the argument","A/B/D","shrine work; summit storm coat; festival formal","executive confidence, strategic warmth, divine scale","2 idle + 4 walk","4 idle + 4 walk + 4 talk + 2 reaction","4–8 dramatic poses","6"
"kasen_ibaraki","Kasen Ibaraki","茨木 華扇","B","Hermit / Gensokyo sage-associated","Major support","twin buns, one bandaged arm, fitted Chinese dress and animal accents","staff / bandaged arm","animal companion and bandage layer","bandage curl moves while posture stays corrective","an animal reacts to what she refuses to say directly","A/C","hermit workwear; shrine visit cloak; sealed-arm event set","admonition, care, concealed identity","2 idle + 4 walk","4 idle + 4 walk + 4 talk + 2 reaction","4–8 dramatic poses","6"
"keiki_haniyasushin","Keiki Haniyasushin","埴安神 袿姫","B","Primate Spirit Garden / sculptor god","Major support","sculptor-goddess crown, robe apron and haniwa ranks","chisel / clay figure","haniwa formation layer","one haniwa adjusts while she studies the silhouette","sculpts a tiny correction as the verbal emphasis","B/C/D","studio apron; Primate Garden formal; battle kiln set","creator pride, protection, artistic judgment","2 idle + 4 walk","4 idle + 4 walk + 4 talk + 2 reaction","4–8 dramatic poses","6"
"keine_kamishirasawa","Keine Kamishirasawa","上白沢 慧音","C","Human Village / history guardian","Support route","teacher cap or horned form, book and upright village-guardian stance","history book / chalk","page and horn-form layer","turns one page, pauses to listen outside","points to text or corrects a date with a small chalk gesture","A/B/C","school work; night guard; hakutaku event form","teacherly patience, vigilance, embarrassment","2 idle","2 idle + 4 walk + 2 talk/gesture","not required at launch","3"
"koakuma","Koakuma","小悪魔","C","Scarlet Devil Mansion / Voile Library","Minor support","small bat wings, bob hair, pointed tail and book-carrying silhouette","book stack / library key","wings and tail layer","balances books; wing tips correct the weight","peeks around the stack, then offers the relevant volume","B","archive work; dust mask; formal library service","busy competence, curiosity, minor-devil mischief","2 idle","2 idle + 4 walk + 2 talk/gesture","not required at launch","3"
"kogasa_tatara","Kogasa Tatara","多々良 小傘","C","Wandering karakasa / cemetery vicinity","Support route","asymmetric karakasa outfit dominated by one-eyed umbrella","karakasa umbrella","umbrella eye/tongue layer","umbrella blinks before she moves","sudden pop-in gesture followed by checking whether it worked","A/C/D","rain set; cemetery night; festival repair","eagerness to surprise, hurt pride, warmth","2 idle","2 idle + 4 walk + 2 talk/gesture","not required at launch","3"
"koishi_komeiji","Koishi Komeiji","古明地 こいし","C","Palace of the Earth Spirits / wandering","Support route; high-safety writing review","wide hat, closed third-eye cords and loose wandering dress","closed third eye / pebble","cord path and subconscious vignette layer","a step changes without a preparation frame","cords point toward the unspoken subject, not her face","C/D","surface wanderer; dream archive; quiet garden set","untrackable presence, sudden honesty, safety-sensitive distance","2 idle","2 idle + 4 walk + 2 talk/gesture","not required at launch","3"
"komachi_onozuka","Komachi Onozuka","小野塚 小町","C","Sanzu River / shinigami ferryman","Support route","large scythe, loose uniform and relaxed ferryman lean","scythe / coin","coin and river-mist layer","leans on scythe; coin rolls across knuckles","scythe angle stays casual until the moral point lands","A/C/D","ferry work; Higan formal; rainy river coat","leisurely wit, practical mortality, buried diligence","2 idle","2 idle + 4 walk + 2 talk/gesture","not required at launch","3"
"kosuzu_motoori","Kosuzu Motoori","本居 小鈴","C","Human Village / Suzunaan","Support friendship only","twin braids, bell-like ties, bookstore apron and oversized book","youma book / shop ledger","page and seal layer","book weight shifts; braid follows","hugs, opens or reluctantly closes the dangerous book","A/B","Suzunaan work; festival reader; incident gloves","bookish enthusiasm, risk blindness, friendship","2 idle","2 idle + 4 walk + 2 talk/gesture","not required at launch","3"
"marisa_kirisame","Marisa Kirisame","霧雨 魔理沙","A","Forest of Magic / independent magician","Deep route; launch fighter and danmaku lead","witch hat, broom diagonal and white apron cut in a black dress mass","broom / mini-hakkero","hat ribbon, broom and spark layer","hat tips after the body; fingers tap the broom","forward hand gesture as if the conclusion is obvious","A/B/D","rain cape; soot-covered lab set; festival magician","confidence, caught-in-the-act humor, private quiet","2 idle + 4 walk + 2 interact","4 idle + 8 walk + 4 talk + 6 interact + 4 reaction","full fighter/danmaku key set","9"
"mayumi_joutouguu","Mayumi Joutouguu","杖刀偶 磨弓","C","Primate Spirit Garden / haniwa army","Support route","haniwa armor, helmet crest and disciplined sword line","sword / bow","haniwa rank layer","military cadence and exact equipment check","salute or tactical point; no casual flailing","B/D","garden patrol; ceremonial armor; damaged haniwa set","loyalty, directness, learning individuality","2 idle","2 idle + 4 walk + 2 talk/gesture","not required at launch","3"
"minamitsu_murasa","Minamitsu Murasa","村紗 水蜜","C","Myouren Temple / Palanquin Ship","Support route","sailor cap, anchor line and water-broken lower silhouette","anchor / ladle","water trail and ghost wake layer","one drip falls from the anchor while she floats","anchor tilts like punctuation; grin stays restrained","A/D","temple chores; captain coat; stormwreck set","seamanship, dark humor, belonging","2 idle","2 idle + 4 walk + 2 talk/gesture","not required at launch","3"
"momiji_inubashiri","Momiji Inubashiri","犬走 椛","C","Youkai Mountain / white wolf tengu patrol","Support route","wolf ears/tail, round shield and scimitar patrol silhouette","shield / blade","ear and tail layer","ears scan opposite directions before the shield shifts","shield tap or map-pointing gesture","A/D","mountain patrol coat; off-duty scarf; storm lookout","professional caution, territorial pride, dry camaraderie","2 idle","2 idle + 4 walk + 2 talk/gesture","not required at launch","3"
"mononobe_no_futo","Mononobe no Futo","物部 布都","C","Senkai / Taoist","Support route","small cap, Taoist robe, plates and boat/fire geometry","plate / ritual vessel","plate orbit and flame layer","one plate spins with old-fashioned ceremony","broad archaic gesture that nearly loses a plate","A/B/D","mausoleum work; festival robe; fire ritual set","archaic confidence, literalism, competitive zeal","2 idle","2 idle + 4 walk + 2 talk/gesture","not required at launch","3"
"nazrin","Nazrin","ナズーリン","C","Myouren Temple circle / Shou's subordinate","Support route","mouse ears/tail, dowsing rods and pendulum triangle","dowsing rods / pendulum","tail and pendulum layer","pendulum moves while eyes remain skeptical","rods cross or point to the actual evidence","A/B","temple errands; cave search coat; market disguise","pragmatism, appraisal, understated loyalty","2 idle","2 idle + 4 walk + 2 talk/gesture","not required at launch","3"
"nitori_kawashiro","Nitori Kawashiro","河城 にとり","C","Youkai Mountain / kappa engineering","Support route","cap, large backpack, wrench and pipe/gadget silhouette","wrench / optical device","backpack valves and camouflage layer","one valve spins; backpack weight shifts","unfolds a schematic or demonstrates a mechanism too close","A/B/D","work overalls; rain gear; market sales set","engineering delight, sales instinct, social caution","2 idle","2 idle + 4 walk + 2 talk/gesture","not required at launch","3"
"nue_houjuu","Nue Houjuu","封獣 ぬえ","C","Myouren Temple circle / unidentified youkai","Support route","trident, asymmetrical wings and deliberately conflicting shape language","trident / unidentified seed","UFO/seed and shifting-wing layer","one side of the silhouette changes category","trident stays still while a companion shape lies about its form","C/D","temple casual; night scare; identified/quiet set","teasing ambiguity, loneliness, guarded affiliation","2 idle","2 idle + 4 walk + 2 talk/gesture","not required at launch","3"
"okina_matara","Okina Matara","摩多羅 隠岐奈","B","Secret god / Gensokyo sage","Major support/final act foil","seated divine silhouette, large fans and rectangular backdoor/mandala","fan / backdoor","door, dancers and seasonal aura layers","door aperture changes while she remains absolutely composed","fan snap changes the stage rather than her posture","B/C/D","sage formal; seasonal door sets; final-act stage","theatrical authority, testing, concealed care","2 idle + 4 walk","4 idle + 4 walk + 4 talk + 2 reaction","4–8 dramatic poses","6"
"patchouli_knowledge","Patchouli Knowledge","パチュリー・ノーレッジ","A","Scarlet Devil Mansion / Voile Library","Deep route; fighter expansion","mob cap, crescent ornament, layered robe and book block","grimoire / elemental glyph","book and glyph layer","page turns while the body barely floats","one finger marks the relevant line; breath remains economical","B/C/D","reading glasses; blanket/library set; ritual robe","dry intellect, physical limitation, private sincerity","2 idle + 4 walk + 2 interact","4 idle + 8 walk + 4 talk + 6 interact + 4 reaction","full fighter/danmaku key set","9"
"ran_yakumo","Ran Yakumo","八雲 藍","C","Yakumo household / boundaries","Support route","fox ears, hat, nine-tail fan and formal shikigami posture","charm / calculation scroll","nine tail layers and formula glyph","tails move in a slow solved pattern","writes a formula in air or redirects one tail toward the task","A/B/C","household work; boundary patrol; formal shikigami","competence, calculation, household tenderness","2 idle","2 idle + 4 walk + 2 talk/gesture","not required at launch","3"
"reimu_hakurei","Reimu Hakurei","博麗 霊夢","A","Hakurei Shrine / Hakurei Border","Deep route; launch fighter and danmaku lead","oversized hair bow, detached sleeve masses, grounded skirt and gohei","gohei / yin-yang orb","bow, sleeves and orb layer","sleeve settles, then one bow lobe lags a pixel","small gohei lift; warmth remains logistical rather than performative","A/C/D","winter shrine coat; work apron; rain mantle","dry neutrality, irritation, restrained sincerity","2 idle + 4 walk + 2 interact","4 idle + 8 walk + 4 talk + 6 interact + 4 reaction","full fighter/danmaku key set","9"
"reisen_udongein_inaba","Reisen Udongein Inaba","鈴仙・優曇華院・イナバ","B","Eientei / moon rabbit","Support route","very long rabbit ears, blazer/skirt geometry and alert military posture","finger-gun / medicine case","independent ear and wavelength layer","ears disagree about the direction before she corrects them","one ear drops while the hand delivers a precise correction","B/D","clinic assistant; lunar uniform; forest patrol","discipline, anxiety, sharp humor, relief","2 idle + 4 walk","4 idle + 4 walk + 4 talk + 2 reaction","4–8 dramatic poses","6"
"remilia_scarlet","Remilia Scarlet","レミリア・スカーレット","A","Scarlet Devil Mansion","Deep route; launch fighter","tiny body, cap, bat wings and exaggerated authority/spear line","Gungnir / parasol","wing and fate-thread layer","wings hold a throne-like triangle while one foot hovers","spear or finger makes a grand claim; body remains small and certain","B/C/D","parasol day set; throne cape; night formal","command, theatricality, private dependence","2 idle + 4 walk + 2 interact","4 idle + 8 walk + 4 talk + 6 interact + 4 reaction","full fighter/danmaku key set","9"
"rin_kaenbyou","Rin Kaenbyou","火焔猫 燐","C","Palace of the Earth Spirits / Former Hell","Support route","cat ears, twin braids/tails and wheelbarrow/ghost-fire shapes","wheelbarrow / corpse cart","two tails and spirit flame layer","tail flame lifts while hands stay on the cart","leans on the handle; spirits react to the joke","D","work dress; surface visit; furnace-rescue set","cheerful morbidity, loyalty, work pride","2 idle","2 idle + 4 walk + 2 talk/gesture","not required at launch","3"
"rinnosuke_morichika","Rinnosuke Morichika","森近 霖之助","C","Kourindou / Forest of Magic edge","Support route","glasses, long shop coat/apron and rectangular outside-world object","unidentified tool / book","object label and lens-glint layer","adjusts glasses after examining the object, not before","turns the object to show one wrong-but-plausible function","A/B","shop work; field salvage coat; formal merchant","calm expertise, blind spots, gentle stubbornness","2 idle","2 idle + 4 walk + 2 talk/gesture","not required at launch","3"
"sagume_kishin","Sagume Kishin","稀神 サグメ","B","Lunar Capital","Late-game support","single wing, short lunar silhouette and hand held near the mouth","tablet / arrow motif","single wing and reversal-text layer","wing freezes whenever she almost speaks","one minimal gesture replaces a sentence; text card may reverse after","B/C/D","lunar formal; battlefield cloak; dream interference","restraint, consequence-aware tension, oblique trust","2 idle + 4 walk","4 idle + 4 walk + 4 talk + 2 reaction","4–8 dramatic poses","6"
"saki_kurokoma","Saki Kurokoma","驪駒 早鬼","C","Animal Realm / Keiga Family","Support rival","horse ears/tail, broad athletic stance and coat/wing speed wedges","kick arc / reins motif","tail and dust layer","hoof tap and forward shoulder; no dainty bounce","wide grin, thumb toward the next challenge","A/D","Keiga patrol; racing scarf; formal faction coat","straightforward rivalry, speed, respect","2 idle","2 idle + 4 walk + 2 talk/gesture","not required at launch","3"
"sakuya_izayoi","Sakuya Izayoi","十六夜 咲夜","A","Scarlet Devil Mansion","Deep route; launch fighter and danmaku lead","maid headpiece, triangular skirt, white apron axis and knife/watch lines","knife fan / pocket watch","headpiece, watch and knife layer","checks one minute with almost no body motion","precise hand rise; knife fan only when context warrants","A/B/D","rolled kitchen sleeves; formal tailcoat; rain service coat","professional neutrality, dry humor, private fatigue","2 idle + 4 walk + 2 interact","4 idle + 8 walk + 4 talk + 6 interact + 4 reaction","full fighter/danmaku key set","9"
"sanae_kochiya","Sanae Kochiya","東風谷 早苗","A","Moriya Shrine","Deep route; launch fighter","long hair, frog/snake ornaments, open sleeves and gohei","gohei / miracle glyph","hair ornament and wind layer","ornaments move out of phase with a buoyant but controlled posture","open two-handed gesture, then earnest correction","A/B/D","Outside World casual; festival promoter; storm shrine coat","enthusiasm, cultural mismatch, sincere responsibility","2 idle + 4 walk + 2 interact","4 idle + 8 walk + 4 talk + 6 interact + 4 reaction","full fighter/danmaku key set","9"
"satori_komeiji","Satori Komeiji","古明地 さとり","B","Palace of the Earth Spirits","Support route with romance-ready expansion","third-eye heart, looping cords and compact indoor posture","third eye / book","eye and cord path layer","third eye blinks before her own eyes react","cords lean toward the thought she chooses not to expose","B/C/D","palace work; animal-care apron; surface cloak","measured reading, loneliness, consent-aware restraint","2 idle + 4 walk","4 idle + 4 walk + 4 talk + 2 reaction","4–8 dramatic poses","6"
"seiga_kaku","Seiga Kaku","霍 青娥","C","Senkai-adjacent / wicked hermit","Support antagonist","ornate hairpin, long dress and body partially crossing a wall/frame","hairpin / wall chisel","wall-cut and Yoshika link layer","one edge of her body ignores the frame boundary","fan/hairpin gesture invites trouble with immaculate calm","C/D","hermit formal; mausoleum work; wall-passage set","charm, moral slipperiness, amused manipulation","2 idle","2 idle + 4 walk + 2 talk/gesture","4 boss silhouettes","3"
"shion_yorigami","Shion Yorigami","依神 紫苑","C","Poverty god / wandering; associated with Tenshi","Support route","tattered hood/dress, drooping cloth and empty negative-space aura","cracked charm / empty bowl","misfortune haze and torn-cloth layer","cloth sinks a pixel after the body already stopped","small hesitant hand; surrounding objects lose one decorative pixel","C/D","wandering rags; repaired festival set; Tenshi travel set","self-effacement, hunger, loyalty, fragile hope","2 idle","2 idle + 4 walk + 2 talk/gesture","not required at launch","3"
"suika_ibuki","Suika Ibuki","伊吹 萃香","B","Oni / frequent Hakurei Shrine guest","Support route; fighter expansion","oni horns, gourd, chain arcs and compact powerful stance","gourd / chain","mist and density-clone layer","takes a sip without moving the gourd level incorrectly","chain clink or mist cluster punctuates a teasing line","A/C/D","shrine guest; festival coat; mist-body battle","boisterous perception, loneliness, honest challenge","2 idle + 4 walk","4 idle + 4 walk + 4 talk + 2 reaction","8–16 boss/fighter key poses","6"
"sumireko_usami","Sumireko Usami","宇佐見 菫子","B","Outside World / occultist visitor","Major support; postgame lead","glasses, occult cape/hat and smartphone/card rectangles","smartphone / ESP card","psychic object and screen layer","phone scroll and floating card move independently","pushes glasses, presents evidence, then overcommits","A/B/C/D","school uniform; dream explorer; winter Outside World","modern sarcasm, excitement, outsider vulnerability","2 idle + 4 walk","4 idle + 4 walk + 4 talk + 2 reaction","4–8 dramatic poses","6"
"suwako_moriya","Suwako Moriya","洩矢 諏訪子","C","Moriya Shrine / ancient local deity","Support route","frog-eye hat, compact crouch and iron ring circles","iron ring / frog glyph","hat-eye and water layer","hat eyes blink separately while she stays low","crouched hand gesture or one ring rolling into frame","A/C/D","shrine casual; ancient ritual; rainy field set","playful antiquity, local authority, elusive seriousness","2 idle","2 idle + 4 walk + 2 talk/gesture","not required at launch","3"
"tenshi_hinanawi","Tenshi Hinanawi","比那名居 天子","A","Heaven / Hinanawi clan","Deep route; launch fighter","peach hat, keystone block and long weather-sword line","Sword of Hisou / keystone","peach, stone and weather layer","hip/shoulder line boasts while the keystone stays heavy","sword points at the sky or self; one beat exposes insecurity","A/C/D","Heaven formal; street-food disguise; storm battle","arrogance, boredom, craving recognition","2 idle + 4 walk + 2 interact","4 idle + 8 walk + 4 talk + 6 interact + 4 reaction","full fighter/danmaku key set","9"
"tewi_inaba","Tewi Inaba","因幡 てゐ","C","Eientei / earth rabbits","Support route","rabbit ears, compact dress and trap/coin shapes hidden near the feet","luck charm / trap / coin","ear and hidden-trap layer","ears twitch toward opportunity, not sound","coin vanishes between hands while the smile stays innocent","A/B","Eientei errands; festival vendor; forest prank set","calculation, playfulness, community longevity","2 idle","2 idle + 4 walk + 2 talk/gesture","not required at launch","3"
"toyostomimi_no_miko","Toyosatomimi no Miko","豊聡耳 神子","B","Senkai / Taoist leadership","Major support; fighter expansion","earmuffs, cape triangle and ritual sword/tablet line","shaku / sword","voice-wave and cape layer","earpieces pulse as multiple voices arrive","one precise cape opening frames a public declaration","B/C/D","Senkai formal; public audience; battle regalia","charisma, listening overload, strategic compassion","2 idle + 4 walk","4 idle + 4 walk + 4 talk + 2 reaction","8–16 boss/fighter key poses","6"
"utsuho_reiuji","Utsuho Reiuji","霊烏路 空","B","Palace of the Earth Spirits / Blazing Fires","Support route; fighter expansion","one heavy wing, control-rod arm, cape and miniature sun circle","control rod / sun","wing, reactor eye and sun layer","reactor pulse changes while stance remains proudly open","control rod sweeps too far, then corrects with earnest focus","D","furnace work; surface coat; full reactor battle","simple confidence, dangerous scale, loyalty","2 idle + 4 walk","4 idle + 4 walk + 4 talk + 2 reaction","8–16 boss/fighter key poses","6"
"watatsuki_no_toyohime","Watatsuki no Toyohime","綿月 豊姫","B","Lunar Capital / Watatsuki household","Late-game support/antagonistic guest","long lunar hair, broad refined robe and folding fan","fan / peach","spatial cut and wave layer","fan stays closed while a distant line of space shifts","fan opens one segment to end the discussion","B/C/D","lunar household formal; Earth visit; sea-parting set","courtesy, overwhelming capability, family authority","2 idle + 4 walk","4 idle + 4 walk + 4 talk + 2 reaction","8–16 boss/fighter key poses","6"
"watatsuki_no_yorihime","Watatsuki no Yorihime","綿月 依姫","B","Lunar Capital / Watatsuki household","Late-game support/duel","lunar military robe, tied hair and disciplined sword silhouette","sword / divine invocation","deity crest and blade layer","breath and sword hand move in exact cadence","one formal hand sign precedes any drawn blade","B/D","lunar command; Earth duel; shrine invocation set","discipline, certainty, respectful severity","2 idle + 4 walk","4 idle + 4 walk + 4 talk + 2 reaction","8–16 boss/fighter key poses","6"
"yachie_kicchou","Yachie Kicchou","吉弔 八千慧","C","Animal Realm / Kiketsu Family","Support antagonist","antlers, turtle-dragon tail and elegant command posture","fan / command seal","tail and faction-emblem layer","tail curls while the upper body remains diplomatically still","one finger or fan edge redirects the room","B/D","Kiketsu formal; negotiation cloak; battlefield command","soft-spoken control, pressure, strategic courtesy","2 idle","2 idle + 4 walk + 2 talk/gesture","4 boss silhouettes","3"
"yoshika_miyako","Yoshika Miyako","宮古 芳香","C","Seiga's jiang-shi / mausoleum","Minor support; safety-sensitive","jiang-shi cap/talisman, stiff forward arms and heavy hopping feet","forehead talisman","talisman and hunger cue layer","small rigid sway, then one delayed jaw movement","simple hand/jaw motion; humor never erases dependence or safety","C/D","mausoleum guard; repaired talisman; rain-stiff set","literal hunger, loyalty, safety-sensitive comedy","2 idle","2 idle + 4 walk + 2 talk/gesture","not required at launch","3"
"youmu_konpaku","Youmu Konpaku","魂魄 妖夢","A","Hakugyokurou / Netherworld","Deep route; launch fighter and danmaku lead","short hair, twin sword lines and half-phantom comma","long and short swords","half-phantom companion layer","hand checks the sheath while phantom drifts late","disciplined bow or one sharp sheath tap","A/C/D","gardening sleeves; festival hakama; mourning formal","duty, earnest confusion, restrained feeling","2 idle + 4 walk + 2 interact","4 idle + 8 walk + 4 talk + 6 interact + 4 reaction","full fighter/danmaku key set","9"
"yukari_yakumo","Yukari Yakumo","八雲 紫","B","Gensokyo sages / boundaries","Major support; ensemble and finale lead","mob cap/ribbons, parasol or fan and unmistakable gap rectangle","parasol / fan / gap","gap eyes and boundary layer","a gap opens before she visibly acknowledges it","fan closes or a border shifts instead of a large gesture","A/B/C/D","day parasol; sage formal; dream conductor set","playful distance, old responsibility, selective sincerity","2 idle + 4 walk","4 idle + 4 walk + 4 talk + 2 reaction","4–8 dramatic poses","6"
"yuugi_hoshiguma","Yuugi Hoshiguma","星熊 勇儀","C","Former Hell / oni","Support route","single horn, chains, sake bowl and broad grounded shoulders","sake bowl / fist","chain and impact layer","bowl remains perfectly level during a weight shift","open laugh, bowl offer or compact fist emphasis","A/D","Former Hell casual; feast formal; arena battle","honesty, strength, hospitality, testing respect","2 idle","2 idle + 4 walk + 2 talk/gesture","not required at launch","3"
"yuuka_kazami","Yuuka Kazami","風見 幽香","C","Garden of the Sun / flower fields","Support route","parasol, long hair, plaid/flower dress and sunflower vertical","parasol / flower","petal and stem layer","near-total stillness; nearby flower turns first","parasol angle changes by one step, making politeness feel dangerous","A/C/D","garden work; rain parasol; old-style dream silhouette","courtesy, menace, aesthetic patience","2 idle","2 idle + 4 walk + 2 talk/gesture","not required at launch","3"
"yuyuko_saigyouji","Yuyuko Saigyouji","西行寺 幽々子","A","Hakugyokurou / Netherworld","Deep route","mob cap, broad sleeve cloud, butterfly hem and folding fan","fan / meal tray","ghost, butterfly and sleeve layer","lower body drifts while fan stays almost still","fan arc hides a joke or briefly reveals mourning stillness","A/C/D","meal tray; deep-night mourning; festival formal","playful appetite, insight, grief beneath ease","2 idle + 4 walk + 2 interact","4 idle + 8 walk + 4 talk + 6 interact + 4 reaction","full fighter/danmaku key set","9"
